{"cameraMode":{"drawMode":0,"name":"Shaded","section":"Shading Mode"},"sceneLighting":true,"audioPlay":false,"sceneViewState":{"m_AlwaysRefresh":false,"showFog":true,"showSkybox":true,"showFlares":true,"showImageEffects":true,"showParticleSystems":true,"showVisualEffectGraphs":true,"m_FxEnabled":true},"in2DMode":false,"pivot":{"x":-28.716747283935548,"y":-124.25526428222656,"z":-156.64749145507813},"rotation":{"x":0.03850841522216797,"y":-0.9445348381996155,"z":0.3034057021141052,"w":0.11992822587490082},"size":115.50724029541016,"orthographic":false}